{
  "waste_management": {
    "precision": 1.0,
    "recall": 0.09090909090909091,
    "f1-score": 0.16666666666666669,
    "support": 11,
    "confused_with": {
      "natural_habitats_impact": 3
    }
  },
  "changes_made": {
    "precision": 0.6666666666666666,
    "recall": 0.5,
    "f1-score": 0.5714285714285715,
    "support": 12,
    "confused_with": {}
  },
  "time_to_work": {
    "precision": 1.0,
    "recall": 1.0,
    "f1-score": 1.0,
    "support": 11,
    "confused_with": {}
  },
  "natural_habitats_impact": {
    "precision": 0.6923076923076923,
    "recall": 0.6923076923076923,
    "f1-score": 0.6923076923076923,
    "support": 13,
    "confused_with": {}
  },
  "hiking_camping_biking": {
    "precision": 0.8,
    "recall": 0.5714285714285714,
    "f1-score": 0.6666666666666666,
    "support": 7,
    "confused_with": {}
  },
  "environment_wildlife_knowledge": {
    "precision": 0.9,
    "recall": 0.9,
    "f1-score": 0.9,
    "support": 10,
    "confused_with": {}
  },
  "chess_move": {
    "precision": 1.0,
    "recall": 1.0,
    "f1-score": 1.0,
    "support": 3,
    "confused_with": {}
  },
  "transport": {
    "precision": 1.0,
    "recall": 1.0,
    "f1-score": 1.0,
    "support": 14,
    "confused_with": {}
  },
  "workplace": {
    "precision": 1.0,
    "recall": 1.0,
    "f1-score": 1.0,
    "support": 12,
    "confused_with": {}
  },
  "micro avg": {
    "precision": 0.8846153846153846,
    "recall": 0.7419354838709677,
    "f1-score": 0.8070175438596492,
    "support": 93
  },
  "macro avg": {
    "precision": 0.8954415954415954,
    "recall": 0.7505161505161505,
    "f1-score": 0.7774521774521774,
    "support": 93
  },
  "weighted avg": {
    "precision": 0.8881720430107526,
    "recall": 0.7419354838709677,
    "f1-score": 0.7672811059907835,
    "support": 93
  },
  "accuracy": 0.962772785622593
}